month,region,category,sales,profit,result_type,profit_margin,source_year,sales_growth_assumption,margin_improvement_assumption,forecast_method
2023-01-01,Central,Furniture,506.358,20.9235,Actual,0.041322,2023,,,Source actual
2023-01-01,Central,Office Supplies,1002.348,87.8167,Actual,0.087611,2023,,,Source actual
2023-01-01,Central,Technology,31.2,9.75,Actual,0.3125,2023,,,Source actual
2023-01-01,East,Furniture,264.184,5.8242,Actual,0.022046,2023,,,Source actual
2023-01-01,East,Office Supplies,119.45,16.4094,Actual,0.137375,2023,,,Source actual
2023-01-01,East,Technology,333.7,27.61,Actual,0.082739,2023,,,Source actual
2023-01-01,South,Furniture,4378.728,1130.2568,Actual,0.258124,2023,,,Source actual
2023-01-01,South,Office Supplies,1955.474,339.3336,Actual,0.17353,2023,,,Source actual
2023-01-01,South,Technology,2987.89,877.0736,Actual,0.293543,2023,,,Source actual
2023-01-01,West,Furniture,1158.435,-324.108,Actual,-0.279781,2023,,,Source actual
2023-01-01,West,Office Supplies,1780.288,348.5009,Actual,0.195755,2023,,,Source actual
2023-02-01,Central,Furniture,439.31,64.0797,Actual,0.145864,2023,,,Source actual
2023-02-01,Central,Office Supplies,262.654,1.9794,Actual,0.007536,2023,,,Source actual
2023-02-01,Central,Technology,531.21,228.7476,Actual,0.430616,2023,,,Source actual
2023-02-01,East,Office Supplies,84.416,13.1488,Actual,0.155762,2023,,,Source actual
2023-02-01,East,Technology,115.36,49.6048,Actual,0.43,2023,,,Source actual
2023-02-01,South,Furniture,1256.22,75.3732,Actual,0.06,2023,,,Source actual
2023-02-01,South,Office Supplies,50.796,3.1822,Actual,0.062647,2023,,,Source actual
2023-02-01,South,Technology,721.97,200.7841,Actual,0.278106,2023,,,Source actual
2023-02-01,West,Furniture,144.128,-18.7612,Actual,-0.13017,2023,,,Source actual
2023-02-01,West,Office Supplies,673.858,157.7806,Actual,0.234145,2023,,,Source actual
2023-02-01,West,Technology,239.97,86.3892,Actual,0.36,2023,,,Source actual
2023-03-01,Central,Furniture,3639.29,-305.2842,Actual,-0.083886,2023,,,Source actual
2023-03-01,Central,Office Supplies,1281.474,-226.9871,Actual,-0.17713,2023,,,Source actual
2023-03-01,Central,Technology,906.838,258.2246,Actual,0.284753,2023,,,Source actual
2023-03-01,East,Furniture,4273.374,-1399.4013,Actual,-0.32747,2023,,,Source actual
2023-03-01,East,Office Supplies,1022.914,374.3077,Actual,0.365923,2023,,,Source actual
2023-03-01,East,Technology,647.1,215.9181,Actual,0.33367,2023,,,Source actual
2023-03-01,South,Furniture,2740.56,414.5204,Actual,0.151254,2023,,,Source actual
2023-03-01,South,Office Supplies,1623.785,260.8797,Actual,0.160661,2023,,,Source actual
2023-03-01,South,Technology,28546.776,-627.6753,Actual,-0.021988,2023,,,Source actual
2023-03-01,West,Furniture,5163.632,356.2301,Actual,0.068988,2023,,,Source actual
2023-03-01,West,Office Supplies,4677.706,862.213,Actual,0.184324,2023,,,Source actual
2023-03-01,West,Technology,2410.46,510.5042,Actual,0.211787,2023,,,Source actual
2023-04-01,Central,Furniture,1468.218,-243.3865,Actual,-0.16577,2023,,,Source actual
2023-04-01,Central,Office Supplies,1257.794,178.845,Actual,0.142189,2023,,,Source actual
2023-04-01,Central,Technology,986.328,293.9202,Actual,0.297994,2023,,,Source actual
2023-04-01,East,Furniture,929.414,-141.1357,Actual,-0.151855,2023,,,Source actual
2023-04-01,East,Office Supplies,1756.82,-172.5657,Actual,-0.098226,2023,,,Source actual
2023-04-01,East,Technology,368.672,93.0762,Actual,0.252463,2023,,,Source actual
2023-04-01,South,Furniture,2016.104,448.3016,Actual,0.22236,2023,,,Source actual
2023-04-01,South,Office Supplies,7088.602,665.2837,Actual,0.093853,2023,,,Source actual
2023-04-01,South,Technology,3079.906,737.0419,Actual,0.239307,2023,,,Source actual
2023-04-01,West,Furniture,3531.101,490.6007,Actual,0.138937,2023,,,Source actual
2023-04-01,West,Office Supplies,1051.858,328.6456,Actual,0.312443,2023,,,Source actual
2023-04-01,West,Technology,4760.528,810.2082,Actual,0.170193,2023,,,Source actual
2023-05-01,Central,Furniture,2304.382,-401.3119,Actual,-0.174152,2023,,,Source actual
2023-05-01,Central,Office Supplies,797.596,-257.2424,Actual,-0.322522,2023,,,Source actual
2023-05-01,Central,Technology,946.528,152.5372,Actual,0.161154,2023,,,Source actual
2023-05-01,East,Furniture,3499.713,137.5667,Actual,0.039308,2023,,,Source actual
2023-05-01,East,Office Supplies,2454.466,934.3496,Actual,0.380673,2023,,,Source actual
2023-05-01,East,Technology,3098.954,195.4824,Actual,0.06308,2023,,,Source actual
2023-05-01,South,Furniture,310.88,23.316,Actual,0.075,2023,,,Source actual
2023-05-01,South,Office Supplies,3415.776,1052.7679,Actual,0.308208,2023,,,Source actual
2023-05-01,South,Technology,2052.584,540.5823,Actual,0.263367,2023,,,Source actual
2023-05-01,West,Furniture,2389.632,2.1212,Actual,0.000888,2023,,,Source actual
2023-05-01,West,Office Supplies,1204.246,324.8319,Actual,0.269739,2023,,,Source actual
2023-05-01,West,Technology,3845.01,491.3909,Actual,0.1278,2023,,,Source actual
2023-06-01,Central,Furniture,4284.0466,325.2257,Actual,0.075916,2023,,,Source actual
2023-06-01,Central,Office Supplies,4669.892,987.4609,Actual,0.211453,2023,,,Source actual
2023-06-01,Central,Technology,692.36,-66.5648,Actual,-0.096142,2023,,,Source actual
2023-06-01,East,Furniture,3672.689,-367.7488,Actual,-0.100131,2023,,,Source actual
2023-06-01,East,Office Supplies,3466.982,627.7484,Actual,0.181065,2023,,,Source actual
2023-06-01,East,Technology,3693.837,743.3766,Actual,0.201248,2023,,,Source actual
2023-06-01,South,Furniture,1823.842,301.6862,Actual,0.165412,2023,,,Source actual
2023-06-01,South,Office Supplies,1105.729,252.463,Actual,0.228323,2023,,,Source actual
2023-06-01,South,Technology,1630.68,424.297,Actual,0.260196,2023,,,Source actual
2023-06-01,West,Furniture,3425.548,337.1522,Actual,0.098423,2023,,,Source actual
2023-06-01,West,Office Supplies,3784.786,1186.9953,Actual,0.313623,2023,,,Source actual
2023-06-01,West,Technology,2419.088,247.6677,Actual,0.102381,2023,,,Source actual
2023-07-01,Central,Furniture,2185.896,-273.114,Actual,-0.124944,2023,,,Source actual
2023-07-01,Central,Office Supplies,3446.512,-3816.9578,Actual,-1.107484,2023,,,Source actual
2023-07-01,Central,Technology,1108.166,34.738,Actual,0.031347,2023,,,Source actual
2023-07-01,East,Furniture,1386.67,239.0158,Actual,0.172367,2023,,,Source actual
2023-07-01,East,Office Supplies,527.262,164.9868,Actual,0.312912,2023,,,Source actual
2023-07-01,East,Technology,1654.214,443.1339,Actual,0.267882,2023,,,Source actual
2023-07-01,South,Furniture,456.214,61.9312,Actual,0.13575,2023,,,Source actual
2023-07-01,South,Office Supplies,317.016,122.9209,Actual,0.387744,2023,,,Source actual
2023-07-01,South,Technology,1055.89,235.1798,Actual,0.222731,2023,,,Source actual
2023-07-01,West,Furniture,6792.271,346.4137,Actual,0.051001,2023,,,Source actual
2023-07-01,West,Office Supplies,10830.418,1047.0329,Actual,0.096675,2023,,,Source actual
2023-07-01,West,Technology,4185.864,553.2362,Actual,0.132168,2023,,,Source actual
2023-08-01,Central,Furniture,964.482,58.544,Actual,0.0607,2023,,,Source actual
2023-08-01,Central,Office Supplies,1186.531,201.7774,Actual,0.170057,2023,,,Source actual
2023-08-01,Central,Technology,871.17,368.1054,Actual,0.422541,2023,,,Source actual
2023-08-01,East,Furniture,2010.402,77.6126,Actual,0.038606,2023,,,Source actual
2023-08-01,East,Office Supplies,2839.556,893.3932,Actual,0.314624,2023,,,Source actual
2023-08-01,East,Technology,741.36,277.9206,Actual,0.374879,2023,,,Source actual
2023-08-01,South,Furniture,2744.7625,524.4055,Actual,0.191057,2023,,,Source actual
2023-08-01,South,Office Supplies,2719.102,327.187,Actual,0.120329,2023,,,Source actual
2023-08-01,South,Technology,1592.742,475.3749,Actual,0.298463,2023,,,Source actual
2023-08-01,West,Furniture,1600.7,2.9096,Actual,0.001818,2023,,,Source actual
2023-08-01,West,Office Supplies,5643.143,1792.3631,Actual,0.317618,2023,,,Source actual
2023-08-01,West,Technology,6004.388,765.6317,Actual,0.127512,2023,,,Source actual
2023-09-01,Central,Furniture,6189.8278,-253.4921,Actual,-0.040953,2023,,,Source actual
2023-09-01,Central,Office Supplies,12488.706,3668.376,Actual,0.293735,2023,,,Source actual
2023-09-01,Central,Technology,15730.156,-1992.0867,Actual,-0.126641,2023,,,Source actual
2023-09-01,East,Furniture,10015.199,1164.5895,Actual,0.116282,2023,,,Source actual
2023-09-01,East,Office Supplies,8503.824,1072.9424,Actual,0.126172,2023,,,Source actual
2023-09-01,East,Technology,7666.844,2202.8122,Actual,0.287317,2023,,,Source actual
2023-09-01,South,Furniture,524.6,75.3157,Actual,0.143568,2023,,,Source actual
2023-09-01,South,Office Supplies,2335.74,947.8205,Actual,0.40579,2023,,,Source actual
2023-09-01,South,Technology,4314.995,-1368.17,Actual,-0.317073,2023,,,Source actual
2023-09-01,West,Furniture,7086.854,872.1845,Actual,0.123071,2023,,,Source actual
2023-09-01,West,Office Supplies,4158.276,1034.8221,Actual,0.248858,2023,,,Source actual
2023-09-01,West,Technology,3655.407,1168.5161,Actual,0.319668,2023,,,Source actual
2023-10-01,Central,Furniture,295.367,-90.7635,Actual,-0.307291,2023,,,Source actual
2023-10-01,Central,Office Supplies,1758.678,197.1815,Actual,0.112119,2023,,,Source actual
2023-10-01,Central,Technology,6911.712,1234.8234,Actual,0.178657,2023,,,Source actual
2023-10-01,East,Furniture,6843.236,-105.4456,Actual,-0.015409,2023,,,Source actual
2023-10-01,East,Office Supplies,1813.766,238.25,Actual,0.131357,2023,,,Source actual
2023-10-01,East,Technology,462.258,-44.3583,Actual,-0.09596,2023,,,Source actual
2023-10-01,South,Furniture,2225.354,199.088,Actual,0.089464,2023,,,Source actual
2023-10-01,South,Office Supplies,1147.018,82.6467,Actual,0.072054,2023,,,Source actual
2023-10-01,South,Technology,1441.382,372.0372,Actual,0.258111,2023,,,Source actual
2023-10-01,West,Furniture,3772.286,230.3332,Actual,0.061059,2023,,,Source actual
2023-10-01,West,Office Supplies,2578.926,625.2324,Actual,0.242439,2023,,,Source actual
2023-10-01,West,Technology,3163.356,530.1499,Actual,0.167591,2023,,,Source actual
2023-11-01,Central,Furniture,5189.9002,-239.7412,Actual,-0.046194,2023,,,Source actual
2023-11-01,Central,Office Supplies,6127.024,-611.4743,Actual,-0.0998,2023,,,Source actual
2023-11-01,Central,Technology,2740.644,57.0566,Actual,0.020819,2023,,,Source actual
2023-11-01,East,Furniture,8520.536,13.3841,Actual,0.001571,2023,,,Source actual
2023-11-01,East,Office Supplies,9871.389,2146.6804,Actual,0.217465,2023,,,Source actual
2023-11-01,East,Technology,15757.086,3502.3965,Actual,0.222274,2023,,,Source actual
2023-11-01,South,Furniture,2014.038,-217.4404,Actual,-0.107962,2023,,,Source actual
2023-11-01,South,Office Supplies,2868.265,1004.1863,Actual,0.350102,2023,,,Source actual
2023-11-01,South,Technology,2546.45,556.597,Actual,0.218578,2023,,,Source actual
2023-11-01,West,Furniture,6038.6385,216.7305,Actual,0.035891,2023,,,Source actual
2023-11-01,West,Office Supplies,7995.758,1872.5636,Actual,0.234195,2023,,,Source actual
2023-11-01,West,Technology,9157.228,1062.0166,Actual,0.115976,2023,,,Source actual
2023-12-01,Central,Furniture,5442.586,233.0964,Actual,0.042828,2023,,,Source actual
2023-12-01,Central,Office Supplies,2722.482,211.5323,Actual,0.077698,2023,,,Source actual
2023-12-01,Central,Technology,2470.498,443.2184,Actual,0.179404,2023,,,Source actual
2023-12-01,East,Furniture,8147.428,181.1518,Actual,0.022234,2023,,,Source actual
2023-12-01,East,Office Supplies,5698.102,1294.3755,Actual,0.227159,2023,,,Source actual
2023-12-01,East,Technology,13178.654,3894.7283,Actual,0.295533,2023,,,Source actual
2023-12-01,South,Furniture,6476.7,963.8252,Actual,0.148814,2023,,,Source actual
2023-12-01,South,Office Supplies,1331.575,212.6434,Actual,0.159693,2023,,,Source actual
2023-12-01,South,Technology,947.698,184.1032,Actual,0.194264,2023,,,Source actual
2023-12-01,West,Furniture,11581.0725,671.9918,Actual,0.058025,2023,,,Source actual
2023-12-01,West,Office Supplies,8515.191,410.6959,Actual,0.048231,2023,,,Source actual
2023-12-01,West,Technology,5496.322,853.2949,Actual,0.155248,2023,,,Source actual
2024-01-01,Central,Furniture,1962.2236,-754.7786,Actual,-0.384655,2024,,,Source actual
2024-01-01,Central,Office Supplies,149.888,67.2734,Actual,0.448824,2024,,,Source actual
2024-01-01,Central,Technology,398.4,84.66,Actual,0.2125,2024,,,Source actual
2024-01-01,East,Furniture,1717.72,-644.7936,Actual,-0.375378,2024,,,Source actual
2024-01-01,East,Office Supplies,724.636,201.3108,Actual,0.27781,2024,,,Source actual
2024-01-01,East,Technology,2516.478,-1098.7012,Actual,-0.436603,2024,,,Source actual
2024-01-01,South,Furniture,4489.864,-1793.1132,Actual,-0.399369,2024,,,Source actual
2024-01-01,South,Office Supplies,475.97,148.0315,Actual,0.31101,2024,,,Source actual
2024-01-01,West,Furniture,3635.314,205.9154,Actual,0.056643,2024,,,Source actual
2024-01-01,West,Office Supplies,471.446,178.3952,Actual,0.3784,2024,,,Source actual
2024-01-01,West,Technology,1919.976,215.9973,Actual,0.1125,2024,,,Source actual
2024-02-01,Central,Furniture,69.184,-19.512,Actual,-0.282031,2024,,,Source actual
2024-02-01,Central,Office Supplies,814.252,-88.7657,Actual,-0.109015,2024,,,Source actual
2024-02-01,Central,Technology,1644.15,439.2517,Actual,0.26716,2024,,,Source actual
2024-02-01,East,Furniture,2137.542,335.712,Actual,0.157055,2024,,,Source actual
2024-02-01,East,Office Supplies,3089.681,1389.11,Actual,0.449597,2024,,,Source actual
2024-02-01,East,Technology,1235.91,81.7655,Actual,0.066158,2024,,,Source actual
2024-02-01,South,Furniture,551.264,15.5664,Actual,0.028238,2024,,,Source actual
2024-02-01,South,Office Supplies,575.26,204.0049,Actual,0.354631,2024,,,Source actual
2024-02-01,South,Technology,29.99,2.999,Actual,0.1,2024,,,Source actual
2024-02-01,West,Furniture,376.384,63.1284,Actual,0.167723,2024,,,Source actual
2024-02-01,West,Office Supplies,888.874,309.7526,Actual,0.348478,2024,,,Source actual
2024-02-01,West,Technology,538.92,80.838,Actual,0.15,2024,,,Source actual
2024-03-01,Central,Furniture,4219.08,80.2536,Actual,0.019022,2024,,,Source actual
2024-03-01,Central,Office Supplies,916.806,-367.1098,Actual,-0.400423,2024,,,Source actual
2024-03-01,Central,Technology,1594.382,338.2703,Actual,0.212164,2024,,,Source actual
2024-03-01,East,Furniture,516.547,51.3817,Actual,0.099471,2024,,,Source actual
2024-03-01,East,Office Supplies,4002.708,1233.3785,Actual,0.308136,2024,,,Source actual
2024-03-01,East,Technology,1501.966,193.0327,Actual,0.12852,2024,,,Source actual
2024-03-01,South,Furniture,1204.208,136.5803,Actual,0.113419,2024,,,Source actual
2024-03-01,South,Office Supplies,8589.983,3728.708,Actual,0.434076,2024,,,Source actual
2024-03-01,South,Technology,527.904,117.5748,Actual,0.22272,2024,,,Source actual
2024-03-01,West,Furniture,7802.844,1381.5673,Actual,0.177059,2024,,,Source actual
2024-03-01,West,Office Supplies,2382.53,816.6615,Actual,0.342771,2024,,,Source actual
2024-03-01,West,Technology,6719.67,2220.3145,Actual,0.33042,2024,,,Source actual
2024-04-01,Central,Furniture,1723.783,-203.6054,Actual,-0.118115,2024,,,Source actual
2024-04-01,Central,Office Supplies,6692.142,393.6367,Actual,0.058821,2024,,,Source actual
2024-04-01,Central,Technology,3226.13,802.0295,Actual,0.248604,2024,,,Source actual
2024-04-01,East,Furniture,2476.044,92.4227,Actual,0.037327,2024,,,Source actual
2024-04-01,East,Office Supplies,2308.012,509.7859,Actual,0.220877,2024,,,Source actual
2024-04-01,East,Technology,2994.74,493.064,Actual,0.164643,2024,,,Source actual
2024-04-01,South,Furniture,3959.7195,465.1004,Actual,0.117458,2024,,,Source actual
2024-04-01,South,Office Supplies,324.554,-96.7126,Actual,-0.297986,2024,,,Source actual
2024-04-01,South,Technology,1434.06,398.9793,Actual,0.278217,2024,,,Source actual
2024-04-01,West,Furniture,2316.152,-15.2675,Actual,-0.006592,2024,,,Source actual
2024-04-01,West,Office Supplies,3233.85,670.6496,Actual,0.207384,2024,,,Source actual
2024-04-01,West,Technology,3506.022,677.4136,Actual,0.193214,2024,,,Source actual
2024-05-01,Central,Furniture,3920.219,486.2481,Actual,0.124036,2024,,,Source actual
2024-05-01,Central,Office Supplies,1771.934,196.8765,Actual,0.111108,2024,,,Source actual
2024-05-01,Central,Technology,2931.75,280.8051,Actual,0.095781,2024,,,Source actual
2024-05-01,East,Furniture,1519.478,-28.657,Actual,-0.01886,2024,,,Source actual
2024-05-01,East,Office Supplies,2834.9,637.2249,Actual,0.224779,2024,,,Source actual
2024-05-01,East,Technology,3242.306,1034.2376,Actual,0.318982,2024,,,Source actual
2024-05-01,South,Furniture,226.688,34.6912,Actual,0.153035,2024,,,Source actual
2024-05-01,South,Office Supplies,714.104,217.3306,Actual,0.30434,2024,,,Source actual
2024-05-01,South,Technology,1042.912,177.2296,Actual,0.169937,2024,,,Source actual
2024-05-01,West,Furniture,3752.4655,428.3564,Actual,0.114153,2024,,,Source actual
2024-05-01,West,Office Supplies,3864.158,669.3959,Actual,0.173232,2024,,,Source actual
2024-05-01,West,Technology,4426.032,543.3981,Actual,0.122773,2024,,,Source actual
2024-06-01,Central,Furniture,1069.181,-571.7475,Actual,-0.534753,2024,,,Source actual
2024-06-01,Central,Office Supplies,1015.99,-136.4235,Actual,-0.134276,2024,,,Source actual
2024-06-01,Central,Technology,1628.016,287.499,Actual,0.176595,2024,,,Source actual
2024-06-01,East,Furniture,2273.212,-183.0103,Actual,-0.080507,2024,,,Source actual
2024-06-01,East,Office Supplies,4647.832,1672.3294,Actual,0.359808,2024,,,Source actual
2024-06-01,East,Technology,521.944,140.446,Actual,0.269083,2024,,,Source actual
2024-06-01,South,Furniture,2439.296,45.8917,Actual,0.018814,2024,,,Source actual
2024-06-01,South,Office Supplies,4118.415,498.3514,Actual,0.121006,2024,,,Source actual
2024-06-01,South,Technology,1994.456,547.8749,Actual,0.274699,2024,,,Source actual
2024-06-01,West,Furniture,1932.49,296.2064,Actual,0.153277,2024,,,Source actual
2024-06-01,West,Office Supplies,865.51,161.1291,Actual,0.186167,2024,,,Source actual
2024-06-01,West,Technology,2290.95,577.0106,Actual,0.251865,2024,,,Source actual
2024-07-01,Central,Furniture,2636.159,-245.9559,Actual,-0.093301,2024,,,Source actual
2024-07-01,Central,Office Supplies,1232.304,-23.5017,Actual,-0.019071,2024,,,Source actual
2024-07-01,Central,Technology,3737.104,574.721,Actual,0.153788,2024,,,Source actual
2024-07-01,East,Furniture,5270.522,234.6414,Actual,0.04452,2024,,,Source actual
2024-07-01,East,Office Supplies,1945.9,677.7451,Actual,0.348294,2024,,,Source actual
2024-07-01,East,Technology,4656.242,1438.5976,Actual,0.308961,2024,,,Source actual
2024-07-01,South,Furniture,852.116,103.7154,Actual,0.121715,2024,,,Source actual
2024-07-01,South,Office Supplies,721.382,325.9483,Actual,0.451839,2024,,,Source actual
2024-07-01,South,Technology,623.77,178.4875,Actual,0.286143,2024,,,Source actual
2024-07-01,West,Furniture,4915.623,-417.4947,Actual,-0.084932,2024,,,Source actual
2024-07-01,West,Office Supplies,820.353,133.5912,Actual,0.162846,2024,,,Source actual
2024-07-01,West,Technology,1353.85,308.1531,Actual,0.227612,2024,,,Source actual
2024-08-01,Central,Furniture,2956.9992,-61.2456,Actual,-0.020712,2024,,,Source actual
2024-08-01,Central,Office Supplies,2198.032,88.2544,Actual,0.040152,2024,,,Source actual
2024-08-01,Central,Technology,4146.42,1004.5711,Actual,0.242274,2024,,,Source actual
2024-08-01,East,Furniture,2036.544,-434.7265,Actual,-0.213463,2024,,,Source actual
2024-08-01,East,Office Supplies,4877.672,911.6144,Actual,0.186895,2024,,,Source actual
2024-08-01,East,Technology,2708.228,451.018,Actual,0.166536,2024,,,Source actual
2024-08-01,South,Furniture,46.152,12.1149,Actual,0.2625,2024,,,Source actual
2024-08-01,South,Office Supplies,1043.788,359.0004,Actual,0.34394,2024,,,Source actual
2024-08-01,South,Technology,4494.81,1802.056,Actual,0.400919,2024,,,Source actual
2024-08-01,West,Furniture,4598.897,-3.6137,Actual,-0.000786,2024,,,Source actual
2024-08-01,West,Office Supplies,3774.288,865.7029,Actual,0.229369,2024,,,Source actual
2024-08-01,West,Technology,4175.174,376.8811,Actual,0.090267,2024,,,Source actual
2024-09-01,Central,Furniture,3573.406,781.1246,Actual,0.218594,2024,,,Source actual
2024-09-01,Central,Office Supplies,636.894,19.2639,Actual,0.030247,2024,,,Source actual
2024-09-01,Central,Technology,3368.22,762.953,Actual,0.226515,2024,,,Source actual
2024-09-01,East,Furniture,12308.458,-1340.5065,Actual,-0.108909,2024,,,Source actual
2024-09-01,East,Office Supplies,7615.355,1421.6024,Actual,0.186676,2024,,,Source actual
2024-09-01,East,Technology,9548.302,2441.5475,Actual,0.255705,2024,,,Source actual
2024-09-01,South,Furniture,4553.21,1156.2638,Actual,0.253945,2024,,,Source actual
2024-09-01,South,Office Supplies,4958.149,-542.4739,Actual,-0.109411,2024,,,Source actual
2024-09-01,South,Technology,4166.128,1069.0327,Actual,0.256601,2024,,,Source actual
2024-09-01,West,Furniture,5837.949,753.2366,Actual,0.129024,2024,,,Source actual
2024-09-01,West,Office Supplies,6126.497,1150.3537,Actual,0.187767,2024,,,Source actual
2024-09-01,West,Technology,1934.478,547.6273,Actual,0.283088,2024,,,Source actual
2024-10-01,Central,Furniture,3412.057,-544.9026,Actual,-0.159699,2024,,,Source actual
2024-10-01,Central,Office Supplies,719.125,-47.0864,Actual,-0.065477,2024,,,Source actual
2024-10-01,Central,Technology,2869.304,640.6478,Actual,0.223276,2024,,,Source actual
2024-10-01,East,Furniture,2126.692,211.9552,Actual,0.099664,2024,,,Source actual
2024-10-01,East,Office Supplies,604.904,220.693,Actual,0.36484,2024,,,Source actual
2024-10-01,East,Technology,3570.434,1027.6605,Actual,0.287825,2024,,,Source actual
2024-10-01,South,Furniture,1695.6675,-239.9929,Actual,-0.141533,2024,,,Source actual
2024-10-01,South,Office Supplies,2238.572,-241.2456,Actual,-0.107768,2024,,,Source actual
2024-10-01,South,Technology,151.488,11.1895,Actual,0.073864,2024,,,Source actual
2024-10-01,West,Furniture,4792.207,-32.576,Actual,-0.006798,2024,,,Source actual
2024-10-01,West,Office Supplies,5110.809,1158.5765,Actual,0.226691,2024,,,Source actual
2024-10-01,West,Technology,4115.874,653.047,Actual,0.158665,2024,,,Source actual
2024-11-01,Central,Furniture,6187.756,619.9781,Actual,0.100194,2024,,,Source actual
2024-11-01,Central,Office Supplies,7283.898,1249.4741,Actual,0.171539,2024,,,Source actual
2024-11-01,Central,Technology,5431.432,1392.1486,Actual,0.256313,2024,,,Source actual
2024-11-01,East,Furniture,15101.174,1924.9011,Actual,0.127467,2024,,,Source actual
2024-11-01,East,Office Supplies,6020.091,1212.6613,Actual,0.201436,2024,,,Source actual
2024-11-01,East,Technology,13603.496,4724.7536,Actual,0.347319,2024,,,Source actual
2024-11-01,South,Furniture,3139.5175,100.5546,Actual,0.032029,2024,,,Source actual
2024-11-01,South,Office Supplies,3922.91,-584.2984,Actual,-0.148945,2024,,,Source actual
2024-11-01,South,Technology,733.393,84.4294,Actual,0.115122,2024,,,Source actual
2024-11-01,West,Furniture,6452.385,346.5902,Actual,0.053715,2024,,,Source actual
2024-11-01,West,Office Supplies,3991.231,922.1919,Actual,0.231055,2024,,,Source actual
2024-11-01,West,Technology,4105.28,481.4039,Actual,0.117265,2024,,,Source actual
2024-12-01,Central,Furniture,3861.9992,203.1059,Actual,0.052591,2024,,,Source actual
2024-12-01,Central,Office Supplies,2030.126,428.1507,Actual,0.210899,2024,,,Source actual
2024-12-01,Central,Technology,10845.476,3560.2396,Actual,0.32827,2024,,,Source actual
2024-12-01,East,Furniture,6540.899,-265.0284,Actual,-0.040519,2024,,,Source actual
2024-12-01,East,Office Supplies,4306.018,990.8607,Actual,0.230111,2024,,,Source actual
2024-12-01,East,Technology,13968.834,-770.978,Actual,-0.055193,2024,,,Source actual
2024-12-01,South,Furniture,946.112,171.2338,Actual,0.180987,2024,,,Source actual
2024-12-01,South,Office Supplies,3570.208,-406.5426,Actual,-0.113871,2024,,,Source actual
2024-12-01,South,Technology,803.96,110.0329,Actual,0.136864,2024,,,Source actual
2024-12-01,West,Furniture,12196.893,342.057,Actual,0.028045,2024,,,Source actual
2024-12-01,West,Office Supplies,6448.274,1673.0147,Actual,0.259452,2024,,,Source actual
2024-12-01,West,Technology,10013.758,2056.9164,Actual,0.205409,2024,,,Source actual
2025-01-01,Central,Furniture,3807.906,208.1487,Actual,0.054662,2025,,,Source actual
2025-01-01,Central,Office Supplies,317.642,119.8491,Actual,0.377309,2025,,,Source actual
2025-01-01,Central,Technology,1816.608,146.0948,Actual,0.080422,2025,,,Source actual
2025-01-01,East,Furniture,1173.369,35.8317,Actual,0.030537,2025,,,Source actual
2025-01-01,East,Office Supplies,2595.028,527.7749,Actual,0.203379,2025,,,Source actual
2025-01-01,East,Technology,1379.53,326.6201,Actual,0.236762,2025,,,Source actual
2025-01-01,South,Furniture,781.184,-31.8112,Actual,-0.040722,2025,,,Source actual
2025-01-01,South,Office Supplies,1665.834,730.929,Actual,0.438777,2025,,,Source actual
2025-01-01,South,Technology,1635.408,208.3408,Actual,0.127394,2025,,,Source actual
2025-01-01,West,Furniture,1925.464,119.2215,Actual,0.061918,2025,,,Source actual
2025-01-01,West,Office Supplies,734.338,231.0282,Actual,0.314607,2025,,,Source actual
2025-01-01,West,Technology,998.02,293.9957,Actual,0.294579,2025,,,Source actual
2025-02-01,Central,Furniture,394.434,-87.053,Actual,-0.220704,2025,,,Source actual
2025-02-01,Central,Office Supplies,651.364,-56.2116,Actual,-0.086298,2025,,,Source actual
2025-02-01,Central,Technology,69.93,0.6993,Actual,0.01,2025,,,Source actual
2025-02-01,East,Furniture,1364.807,144.0364,Actual,0.105536,2025,,,Source actual
2025-02-01,East,Office Supplies,1564.584,364.5387,Actual,0.232994,2025,,,Source actual
2025-02-01,East,Technology,220.43,65.1106,Actual,0.29538,2025,,,Source actual
2025-02-01,South,Furniture,1594.214,309.129,Actual,0.193907,2025,,,Source actual
2025-02-01,South,Office Supplies,3451.284,773.6854,Actual,0.224173,2025,,,Source actual
2025-02-01,South,Technology,10567.606,3102.2466,Actual,0.293562,2025,,,Source actual
2025-02-01,West,Furniture,572.096,10.9228,Actual,0.019093,2025,,,Source actual
2025-02-01,West,Office Supplies,1127.118,247.9884,Actual,0.22002,2025,,,Source actual
2025-02-01,West,Technology,1400.948,129.4869,Actual,0.092428,2025,,,Source actual
2025-03-01,Central,Furniture,5019.511,-522.4796,Actual,-0.10409,2025,,,Source actual
2025-03-01,Central,Office Supplies,5030.656,-529.2528,Actual,-0.105206,2025,,,Source actual
2025-03-01,Central,Technology,3103.646,445.6921,Actual,0.143603,2025,,,Source actual
2025-03-01,East,Furniture,4587.313,-237.8237,Actual,-0.051844,2025,,,Source actual
2025-03-01,East,Office Supplies,3807.414,770.5529,Actual,0.202382,2025,,,Source actual
2025-03-01,East,Technology,8442.424,1812.6565,Actual,0.214708,2025,,,Source actual
2025-03-01,South,Furniture,643.652,31.5981,Actual,0.049092,2025,,,Source actual
2025-03-01,South,Office Supplies,2110.586,464.7531,Actual,0.220201,2025,,,Source actual
2025-03-01,South,Technology,1483.936,67.2511,Actual,0.045319,2025,,,Source actual
2025-03-01,West,Furniture,3865.81,269.3554,Actual,0.069676,2025,,,Source actual
2025-03-01,West,Office Supplies,6398.275,355.3524,Actual,0.055539,2025,,,Source actual
2025-03-01,West,Technology,8537.846,780.2307,Actual,0.091385,2025,,,Source actual
2025-04-01,Central,Furniture,2233.828,202.2254,Actual,0.090529,2025,,,Source actual
2025-04-01,Central,Office Supplies,3377.474,-1977.2265,Actual,-0.585416,2025,,,Source actual
2025-04-01,Central,Technology,1851.05,430.7351,Actual,0.232698,2025,,,Source actual
2025-04-01,East,Furniture,3097.364,449.6786,Actual,0.145181,2025,,,Source actual
2025-04-01,East,Office Supplies,3995.272,386.9161,Actual,0.096843,2025,,,Source actual
2025-04-01,East,Technology,10747.332,2701.899,Actual,0.251402,2025,,,Source actual
2025-04-01,South,Furniture,963.524,219.6006,Actual,0.227914,2025,,,Source actual
2025-04-01,South,Office Supplies,1049.992,49.375,Actual,0.047024,2025,,,Source actual
2025-04-01,South,Technology,952.194,157.8535,Actual,0.165779,2025,,,Source actual
2025-04-01,West,Furniture,6996.494,-492.8252,Actual,-0.070439,2025,,,Source actual
2025-04-01,West,Office Supplies,2224.709,440.4533,Actual,0.197982,2025,,,Source actual
2025-04-01,West,Technology,1339.926,422.976,Actual,0.315671,2025,,,Source actual
2025-05-01,Central,Furniture,4610.925,438.5692,Actual,0.095115,2025,,,Source actual
2025-05-01,Central,Office Supplies,4327.498,718.8106,Actual,0.166103,2025,,,Source actual
2025-05-01,Central,Technology,2805.542,219.4683,Actual,0.078227,2025,,,Source actual
2025-05-01,East,Furniture,1646.214,333.1493,Actual,0.202373,2025,,,Source actual
2025-05-01,East,Office Supplies,4334.66,605.421,Actual,0.13967,2025,,,Source actual
2025-05-01,East,Technology,16663.519,2607.8923,Actual,0.156503,2025,,,Source actual
2025-05-01,South,Furniture,3982.04,444.2456,Actual,0.111562,2025,,,Source actual
2025-05-01,South,Office Supplies,3273.603,748.7224,Actual,0.228715,2025,,,Source actual
2025-05-01,South,Technology,4704.59,1076.1162,Actual,0.228738,2025,,,Source actual
2025-05-01,West,Furniture,4920.546,626.0698,Actual,0.127236,2025,,,Source actual
2025-05-01,West,Office Supplies,1114.661,321.5384,Actual,0.288463,2025,,,Source actual
2025-05-01,West,Technology,4659.04,536.6933,Actual,0.115194,2025,,,Source actual
2025-06-01,Central,Furniture,2419.783,-460.6923,Actual,-0.190386,2025,,,Source actual
2025-06-01,Central,Office Supplies,1419.718,283.6738,Actual,0.19981,2025,,,Source actual
2025-06-01,Central,Technology,2713.647,366.9489,Actual,0.135224,2025,,,Source actual
2025-06-01,East,Furniture,2923.032,-212.2113,Actual,-0.0726,2025,,,Source actual
2025-06-01,East,Office Supplies,6924.428,1344.2743,Actual,0.194135,2025,,,Source actual
2025-06-01,East,Technology,2482.56,642.4323,Actual,0.258778,2025,,,Source actual
2025-06-01,South,Furniture,1266.86,291.3778,Actual,0.23,2025,,,Source actual
2025-06-01,South,Office Supplies,717.276,172.9593,Actual,0.241134,2025,,,Source actual
2025-06-01,South,Technology,1471.749,222.1003,Actual,0.150909,2025,,,Source actual
2025-06-01,West,Furniture,6621.247,337.0086,Actual,0.050898,2025,,,Source actual
2025-06-01,West,Office Supplies,2272.652,780.774,Actual,0.343552,2025,,,Source actual
2025-06-01,West,Technology,9704.196,1157.6737,Actual,0.119296,2025,,,Source actual
2025-07-01,Central,Furniture,1998.378,-275.6518,Actual,-0.137938,2025,,,Source actual
2025-07-01,Central,Office Supplies,5233.626,666.6794,Actual,0.127384,2025,,,Source actual
2025-07-01,Central,Technology,2700.996,541.9933,Actual,0.200664,2025,,,Source actual
2025-07-01,East,Furniture,1622.704,74.7364,Actual,0.046057,2025,,,Source actual
2025-07-01,East,Office Supplies,3703.384,-411.5994,Actual,-0.111141,2025,,,Source actual
2025-07-01,East,Technology,3198.109,45.5897,Actual,0.014255,2025,,,Source actual
2025-07-01,South,Furniture,3677.04,646.0774,Actual,0.175706,2025,,,Source actual
2025-07-01,South,Office Supplies,1690.964,360.2331,Actual,0.213034,2025,,,Source actual
2025-07-01,South,Technology,1194.415,-34.5168,Actual,-0.028898,2025,,,Source actual
2025-07-01,West,Furniture,5818.013,597.3165,Actual,0.102667,2025,,,Source actual
2025-07-01,West,Office Supplies,3287.39,632.0807,Actual,0.192274,2025,,,Source actual
2025-07-01,West,Technology,6175.48,1716.9442,Actual,0.278026,2025,,,Source actual
2025-08-01,Central,Furniture,1908.3928,24.4204,Actual,0.012796,2025,,,Source actual
2025-08-01,Central,Office Supplies,1829.908,-146.0471,Actual,-0.079811,2025,,,Source actual
2025-08-01,Central,Technology,3244.254,317.5291,Actual,0.097874,2025,,,Source actual
2025-08-01,East,Furniture,3199.849,-723.1316,Actual,-0.225989,2025,,,Source actual
2025-08-01,East,Office Supplies,5135.712,1359.9047,Actual,0.264794,2025,,,Source actual
2025-08-01,East,Technology,1530.836,30.1792,Actual,0.019714,2025,,,Source actual
2025-08-01,South,Furniture,1083.9285,-145.9031,Actual,-0.134606,2025,,,Source actual
2025-08-01,South,Office Supplies,1143.774,228.364,Actual,0.199658,2025,,,Source actual
2025-08-01,South,Technology,822.308,90.1486,Actual,0.109629,2025,,,Source actual
2025-08-01,West,Furniture,6291.062,350.4686,Actual,0.055709,2025,,,Source actual
2025-08-01,West,Office Supplies,1451.786,442.3997,Actual,0.304728,2025,,,Source actual
2025-08-01,West,Technology,4075.004,489.1668,Actual,0.120041,2025,,,Source actual
2025-09-01,Central,Furniture,8933.4534,-865.0872,Actual,-0.096837,2025,,,Source actual
2025-09-01,Central,Office Supplies,4310.474,-284.3088,Actual,-0.065958,2025,,,Source actual
2025-09-01,Central,Technology,4259.278,585.8064,Actual,0.137537,2025,,,Source actual
2025-09-01,East,Furniture,6028.317,640.6925,Actual,0.10628,2025,,,Source actual
2025-09-01,East,Office Supplies,11748.799,2233.3617,Actual,0.190093,2025,,,Source actual
2025-09-01,East,Technology,2533.046,315.6023,Actual,0.124594,2025,,,Source actual
2025-09-01,South,Furniture,4581.106,513.0952,Actual,0.112002,2025,,,Source actual
2025-09-01,South,Office Supplies,2793.581,504.5621,Actual,0.180615,2025,,,Source actual
2025-09-01,South,Technology,4648.764,1429.9847,Actual,0.307605,2025,,,Source actual
2025-09-01,West,Furniture,7783.9725,433.892,Actual,0.055742,2025,,,Source actual
2025-09-01,West,Office Supplies,4458.554,1281.8822,Actual,0.287511,2025,,,Source actual
2025-09-01,West,Technology,11442.318,2580.62,Actual,0.225533,2025,,,Source actual
2025-10-01,Central,Furniture,841.766,-113.9755,Actual,-0.1354,2025,,,Source actual
2025-10-01,Central,Office Supplies,4757.044,1577.6819,Actual,0.331652,2025,,,Source actual
2025-10-01,Central,Technology,20370.318,9307.7443,Actual,0.456927,2025,,,Source actual
2025-10-01,East,Furniture,5347.681,176.231,Actual,0.032955,2025,,,Source actual
2025-10-01,East,Office Supplies,2868.656,693.2389,Actual,0.24166,2025,,,Source actual
2025-10-01,East,Technology,6849.128,2812.1405,Actual,0.410584,2025,,,Source actual
2025-10-01,South,Furniture,828.696,182.7558,Actual,0.220534,2025,,,Source actual
2025-10-01,South,Office Supplies,1237.218,78.2627,Actual,0.063257,2025,,,Source actual
2025-10-01,South,Technology,1099.32,122.109,Actual,0.111077,2025,,,Source actual
2025-10-01,West,Furniture,4870.426,-392.6698,Actual,-0.080623,2025,,,Source actual
2025-10-01,West,Office Supplies,7539.66,2344.4597,Actual,0.31095,2025,,,Source actual
2025-10-01,West,Technology,3221.088,-531.1363,Actual,-0.164893,2025,,,Source actual
2025-11-01,Central,Furniture,8186.6948,-181.8532,Actual,-0.022213,2025,,,Source actual
2025-11-01,Central,Office Supplies,4393.066,810.6147,Actual,0.184521,2025,,,Source actual
2025-11-01,Central,Technology,4330.556,841.9849,Actual,0.194429,2025,,,Source actual
2025-11-01,East,Furniture,6612.935,6.3118,Actual,0.000954,2025,,,Source actual
2025-11-01,East,Office Supplies,4456.892,578.4524,Actual,0.129788,2025,,,Source actual
2025-11-01,East,Technology,11912.262,-5427.0061,Actual,-0.455581,2025,,,Source actual
2025-11-01,South,Furniture,5835.253,29.4795,Actual,0.005052,2025,,,Source actual
2025-11-01,South,Office Supplies,4230.192,717.7393,Actual,0.169671,2025,,,Source actual
2025-11-01,South,Technology,5531.11,2193.0593,Actual,0.396495,2025,,,Source actual
2025-11-01,West,Furniture,11148.746,965.8707,Actual,0.086635,2025,,,Source actual
2025-11-01,West,Office Supplies,7407.128,2580.1186,Actual,0.348329,2025,,,Source actual
2025-11-01,West,Technology,5367.131,896.6356,Actual,0.167061,2025,,,Source actual
2025-12-01,Central,Furniture,10481.718,1380.4944,Actual,0.131705,2025,,,Source actual
2025-12-01,Central,Office Supplies,11256.023,5344.9111,Actual,0.474849,2025,,,Source actual
2025-12-01,Central,Technology,3597.58,555.8216,Actual,0.154499,2025,,,Source actual
2025-12-01,East,Furniture,9387.201,743.7225,Actual,0.079227,2025,,,Source actual
2025-12-01,East,Office Supplies,11917.317,3430.52,Actual,0.28786,2025,,,Source actual
2025-12-01,East,Technology,6747.766,1354.9369,Actual,0.200798,2025,,,Source actual
2025-12-01,South,Furniture,2683.944,656.7716,Actual,0.244704,2025,,,Source actual
2025-12-01,South,Office Supplies,5302.324,494.9754,Actual,0.093351,2025,,,Source actual
2025-12-01,South,Technology,2910.754,597.138,Actual,0.205149,2025,,,Source actual
2025-12-01,West,Furniture,14416.832,66.8864,Actual,0.004639,2025,,,Source actual
2025-12-01,West,Office Supplies,9734.156,2218.0507,Actual,0.227863,2025,,,Source actual
2025-12-01,West,Technology,9066.662,1082.0727,Actual,0.119346,2025,,,Source actual
2026-01-01,Central,Furniture,2230.009,-256.1772,Actual,-0.114877,2026,,,Source actual
2026-01-01,Central,Office Supplies,12704.288,1724.8842,Actual,0.135772,2026,,,Source actual
2026-01-01,Central,Technology,6756.359,1397.2275,Actual,0.206802,2026,,,Source actual
2026-01-01,East,Furniture,1278.841,-2.8611,Actual,-0.002237,2026,,,Source actual
2026-01-01,East,Office Supplies,2985.375,327.0101,Actual,0.109537,2026,,,Source actual
2026-01-01,East,Technology,1406.908,122.9204,Actual,0.087369,2026,,,Source actual
2026-01-01,South,Furniture,481.856,-43.6488,Actual,-0.090585,2026,,,Source actual
2026-01-01,South,Office Supplies,578.2,9.7053,Actual,0.016785,2026,,,Source actual
2026-01-01,South,Technology,3755.534,744.2458,Actual,0.198173,2026,,,Source actual
2026-01-01,West,Furniture,2038.506,290.6769,Actual,0.142593,2026,,,Source actual
2026-01-01,West,Office Supplies,5019.586,1203.9571,Actual,0.239852,2026,,,Source actual
2026-01-01,West,Technology,5023.752,1713.6989,Actual,0.341119,2026,,,Source actual
2026-02-01,Central,Furniture,1204.4604,-327.3723,Actual,-0.2718,2026,,,Source actual
2026-02-01,Central,Office Supplies,1391.346,-608.0694,Actual,-0.437037,2026,,,Source actual
2026-02-01,Central,Technology,739.016,-63.7439,Actual,-0.086255,2026,,,Source actual
2026-02-01,East,Furniture,1773.896,-84.5436,Actual,-0.04766,2026,,,Source actual
2026-02-01,East,Office Supplies,1514.812,314.7335,Actual,0.207771,2026,,,Source actual
2026-02-01,East,Technology,1679.814,264.2632,Actual,0.157317,2026,,,Source actual
2026-02-01,South,Furniture,788.674,62.8532,Actual,0.079695,2026,,,Source actual
2026-02-01,South,Office Supplies,1365.038,399.065,Actual,0.292347,2026,,,Source actual
2026-02-01,South,Technology,29.16,8.4564,Actual,0.29,2026,,,Source actual
2026-02-01,West,Furniture,3099.307,150.0206,Actual,0.048405,2026,,,Source actual
2026-02-01,West,Office Supplies,3136.576,848.0962,Actual,0.270389,2026,,,Source actual
2026-02-01,West,Technology,3579.034,650.1131,Actual,0.181645,2026,,,Source actual
2026-03-01,Central,Furniture,7286.7988,641.7256,Actual,0.088067,2026,,,Source actual
2026-03-01,Central,Office Supplies,3236.214,347.2945,Actual,0.107315,2026,,,Source actual
2026-03-01,Central,Technology,4981.566,1065.6241,Actual,0.213913,2026,,,Source actual
2026-03-01,East,Furniture,1811.856,109.4536,Actual,0.06041,2026,,,Source actual
2026-03-01,East,Office Supplies,2637.156,772.7857,Actual,0.293038,2026,,,Source actual
2026-03-01,East,Technology,3864.172,372.3681,Actual,0.096364,2026,,,Source actual
2026-03-01,South,Furniture,353.1,84.04,Actual,0.238006,2026,,,Source actual
2026-03-01,South,Office Supplies,2059.42,479.5158,Actual,0.23284,2026,,,Source actual
2026-03-01,South,Technology,4231.2,1830.5183,Actual,0.432624,2026,,,Source actual
2026-03-01,West,Furniture,2917.234,323.3015,Actual,0.110825,2026,,,Source actual
2026-03-01,West,Office Supplies,6998.08,1219.8984,Actual,0.174319,2026,,,Source actual
2026-03-01,West,Technology,20351.684,7766.5654,Actual,0.381618,2026,,,Source actual
2026-04-01,Central,Furniture,1179.1316,30.9971,Actual,0.026288,2026,,,Source actual
2026-04-01,Central,Office Supplies,1521.1,-39.055,Actual,-0.025675,2026,,,Source actual
2026-04-01,Central,Technology,682.892,132.6421,Actual,0.194236,2026,,,Source actual
2026-04-01,East,Furniture,2745.156,225.7766,Actual,0.082245,2026,,,Source actual
2026-04-01,East,Office Supplies,6328.458,1069.7082,Actual,0.169031,2026,,,Source actual
2026-04-01,East,Technology,1157.292,-95.975,Actual,-0.082931,2026,,,Source actual
2026-04-01,South,Furniture,2846.9925,-320.5257,Actual,-0.112584,2026,,,Source actual
2026-04-01,South,Office Supplies,4553.877,1442.9978,Actual,0.316872,2026,,,Source actual
2026-04-01,South,Technology,2046.884,234.1787,Actual,0.114407,2026,,,Source actual
2026-04-01,West,Furniture,2552.178,290.4544,Actual,0.113806,2026,,,Source actual
2026-04-01,West,Office Supplies,2668.756,896.9505,Actual,0.336093,2026,,,Source actual
2026-04-01,West,Technology,8496.319,-2910.6197,Actual,-0.342574,2026,,,Source actual
2026-05-01,Central,Furniture,4559.9662,398.5394,Actual,0.0874,2026,,,Source actual
2026-05-01,Central,Office Supplies,5555.784,1082.3155,Actual,0.194809,2026,,,Source actual
2026-05-01,Central,Technology,1473.104,284.3367,Actual,0.193019,2026,,,Source actual
2026-05-01,East,Furniture,2419.448,-71.5198,Actual,-0.02956,2026,,,Source actual
2026-05-01,East,Office Supplies,2244.503,523.4261,Actual,0.233204,2026,,,Source actual
2026-05-01,East,Technology,1481.338,404.4478,Actual,0.273029,2026,,,Source actual
2026-05-01,South,Furniture,7056.576,37.1434,Actual,0.005264,2026,,,Source actual
2026-05-01,South,Office Supplies,2084.355,681.0355,Actual,0.326737,2026,,,Source actual
2026-05-01,South,Technology,1802.81,364.5579,Actual,0.202216,2026,,,Source actual
2026-05-01,West,Furniture,3446.82,-530.8715,Actual,-0.154018,2026,,,Source actual
2026-05-01,West,Office Supplies,3878.242,879.3889,Actual,0.226749,2026,,,Source actual
2026-05-01,West,Technology,9152.536,2247.0073,Actual,0.245507,2026,,,Source actual
2026-06-01,Central,Furniture,5340.7652,109.194,Actual,0.020445,2026,,,Source actual
2026-06-01,Central,Office Supplies,4775.696,649.8401,Actual,0.136072,2026,,,Source actual
2026-06-01,Central,Technology,2850.3,450.4623,Actual,0.15804,2026,,,Source actual
2026-06-01,East,Furniture,4832.552,10.8939,Actual,0.002254,2026,,,Source actual
2026-06-01,East,Office Supplies,4353.853,1028.8007,Actual,0.236297,2026,,,Source actual
2026-06-01,East,Technology,6049.172,2085.3002,Actual,0.344725,2026,,,Source actual
2026-06-01,South,Furniture,2301.988,192.574,Actual,0.083656,2026,,,Source actual
2026-06-01,South,Office Supplies,2497.754,425.1397,Actual,0.170209,2026,,,Source actual
2026-06-01,South,Technology,4134.178,514.8484,Actual,0.124535,2026,,,Source actual
2026-06-01,West,Furniture,6533.2815,592.3337,Actual,0.090664,2026,,,Source actual
2026-06-01,West,Office Supplies,5359.088,1298.4366,Actual,0.242287,2026,,,Source actual
2026-06-01,West,Technology,4027.45,888.7471,Actual,0.220672,2026,,,Source actual
2026-07-01,Central,Furniture,2964.624,-248.8826,Actual,-0.083951,2026,,,Source actual
2026-07-01,Central,Office Supplies,4215.128,753.9514,Actual,0.178868,2026,,,Source actual
2026-07-01,Central,Technology,2418.284,576.6015,Actual,0.238434,2026,,,Source actual
2026-07-01,East,Furniture,2821.529,128.656,Actual,0.045598,2026,,,Source actual
2026-07-01,East,Office Supplies,3226.86,831.6523,Actual,0.257728,2026,,,Source actual
2026-07-01,East,Technology,6273.434,157.8154,Actual,0.025156,2026,,,Source actual
2026-07-01,South,Furniture,2002.886,295.2547,Actual,0.147415,2026,,,Source actual
2026-07-01,South,Office Supplies,651.858,129.996,Actual,0.199424,2026,,,Source actual
2026-07-01,South,Technology,647.354,152.7017,Actual,0.235886,2026,,,Source actual
2026-07-01,West,Furniture,4686.863,224.1663,Actual,0.047829,2026,,,Source actual
2026-07-01,West,Office Supplies,2209.822,826.9948,Actual,0.374236,2026,,,Source actual
2026-07-01,West,Technology,13870.854,3177.5937,Actual,0.229084,2026,,,Source actual
2026-08-01,Central,Furniture,461.008,-79.4194,Actual,-0.172273,2026,,,Source actual
2026-08-01,Central,Office Supplies,2344.942,433.8099,Actual,0.184998,2026,,,Source actual
2026-08-01,Central,Technology,3447.044,176.9821,Actual,0.051343,2026,,,Source actual
2026-08-01,East,Furniture,8848.094,-544.115,Actual,-0.061495,2026,,,Source actual
2026-08-01,East,Office Supplies,10565.344,2597.1323,Actual,0.245816,2026,,,Source actual
2026-08-01,East,Technology,2353.898,577.0186,Actual,0.245133,2026,,,Source actual
2026-08-01,South,Furniture,1485.956,304.0524,Actual,0.204617,2026,,,Source actual
2026-08-01,South,Office Supplies,3298.146,-736.272,Actual,-0.223238,2026,,,Source actual
2026-08-01,South,Technology,5587.432,613.3575,Actual,0.109774,2026,,,Source actual
2026-08-01,West,Furniture,4646.816,641.721,Actual,0.138099,2026,,,Source actual
2026-08-01,West,Office Supplies,14860.29,4220.3045,Actual,0.283999,2026,,,Source actual
2026-08-01,West,Technology,6230.788,1283.5003,Actual,0.205993,2026,,,Source actual
2026-09-01,Central,Furniture,5034.307,-553.4614,Actual,-0.109938,2026,,,Source actual
2026-09-01,Central,Office Supplies,4572.416,-312.9779,Actual,-0.068449,2026,,,Source actual
2026-09-01,Central,Technology,7736.274,1996.9054,Actual,0.258122,2026,,,Source actual
2026-09-01,East,Furniture,10993.651,1420.5381,Actual,0.129214,2026,,,Source actual
2026-09-01,East,Office Supplies,8812.252,-353.8856,Actual,-0.040158,2026,,,Source actual
2026-09-01,East,Technology,12739.645,1476.6906,Actual,0.115913,2026,,,Source actual
2026-09-01,South,Furniture,1309.2,153.8498,Actual,0.117514,2026,,,Source actual
2026-09-01,South,Office Supplies,7391.076,2022.3802,Actual,0.273625,2026,,,Source actual
2026-09-01,South,Technology,1500.244,307.6314,Actual,0.205054,2026,,,Source actual
2026-09-01,West,Furniture,11759.478,536.3072,Actual,0.045606,2026,,,Source actual
2026-09-01,West,Office Supplies,11170.549,3515.0448,Actual,0.314671,2026,,,Source actual
2026-09-01,West,Technology,5045.44,841.7798,Actual,0.16684,2026,,,Source actual
2026-10-01,Central,Furniture,3364.6982,-727.8726,Actual,-0.216326,2026,,,Source actual
2026-10-01,Central,Office Supplies,4644.742,667.9262,Actual,0.143803,2026,,,Source actual
2026-10-01,Central,Technology,4143.286,624.9371,Actual,0.150831,2026,,,Source actual
2026-10-01,East,Furniture,5813.17,163.9034,Actual,0.028195,2026,,,Source actual
2026-10-01,East,Office Supplies,3593.284,715.9787,Actual,0.199255,2026,,,Source actual
2026-10-01,East,Technology,22939.794,6759.8615,Actual,0.294678,2026,,,Source actual
2026-10-01,South,Furniture,7142.368,-1510.1113,Actual,-0.21143,2026,,,Source actual
2026-10-01,South,Office Supplies,3873.807,-863.5865,Actual,-0.22293,2026,,,Source actual
2026-10-01,South,Technology,1120.776,130.4628,Actual,0.116404,2026,,,Source actual
2026-10-01,West,Furniture,5925.462,-418.6756,Actual,-0.070657,2026,,,Source actual
2026-10-01,West,Office Supplies,16222.213,4864.9914,Actual,0.299897,2026,,,Source actual
2026-10-01,West,Technology,4691.183,262.7161,Actual,0.056002,2026,,,Source actual
2026-11-01,Central,Furniture,5068.496,-518.3203,Actual,-0.102263,2026,,,Source actual
2026-11-01,Central,Office Supplies,6016.676,-1839.8231,Actual,-0.305787,2026,,,Source actual
2026-11-01,Central,Technology,4069.806,839.548,Actual,0.206287,2026,,,Source actual
2026-11-01,East,Furniture,10882.994,263.4004,Actual,0.024203,2026,,,Source actual
2026-11-01,East,Office Supplies,12173.102,2939.9453,Actual,0.241512,2026,,,Source actual
2026-11-01,East,Technology,22584.223,6188.9111,Actual,0.274037,2026,,,Source actual
2026-11-01,South,Furniture,6950.546,-119.1716,Actual,-0.017146,2026,,,Source actual
2026-11-01,South,Office Supplies,6310.291,939.907,Actual,0.148948,2026,,,Source actual
2026-11-01,South,Technology,15456.584,-2445.5428,Actual,-0.15822,2026,,,Source actual
2026-11-01,West,Furniture,14154.679,780.1552,Actual,0.055116,2026,,,Source actual
2026-11-01,West,Office Supplies,6978.948,1571.0737,Actual,0.225116,2026,,,Source actual
2026-11-01,West,Technology,7808.16,1092.0208,Actual,0.139856,2026,,,Source actual
2026-12-01,Central,Furniture,6504.8868,318.0389,Actual,0.048892,2026,,,Source actual
2026-12-01,Central,Office Supplies,7870.802,-2821.5387,Actual,-0.358482,2026,,,Source actual
2026-12-01,Central,Technology,4507.382,1265.1244,Actual,0.280678,2026,,,Source actual
2026-12-01,East,Furniture,7432.046,634.2336,Actual,0.085338,2026,,,Source actual
2026-12-01,East,Office Supplies,9034.6,1663.7533,Actual,0.184154,2026,,,Source actual
2026-12-01,East,Technology,4914.52,1081.9555,Actual,0.220155,2026,,,Source actual
2026-12-01,South,Furniture,5585.283,279.2939,Actual,0.050005,2026,,,Source actual
2026-12-01,South,Office Supplies,5108.69,850.5313,Actual,0.166487,2026,,,Source actual
2026-12-01,South,Technology,4515.764,1197.4727,Actual,0.265176,2026,,,Source actual
2026-12-01,West,Furniture,12394.495,13.2403,Actual,0.001068,2026,,,Source actual
2026-12-01,West,Office Supplies,9242.04,2147.8739,Actual,0.232403,2026,,,Source actual
2026-12-01,West,Technology,8064.524,2025.8478,Actual,0.251205,2026,,,Source actual
2027-01-01,Central,Furniture,2363.80954,-259.728784,Forecast,-0.109877,2026,0.06,0.005,Prior-year monthly actual; 6% sales growth; margin +0.5 percentage points
2027-01-01,Central,Office Supplies,13466.54528,1895.709978,Forecast,0.140772,2026,0.06,0.005,Prior-year monthly actual; 6% sales growth; margin +0.5 percentage points
2027-01-01,Central,Technology,7161.74054,1516.869853,Forecast,0.211802,2026,0.06,0.005,Prior-year monthly actual; 6% sales growth; margin +0.5 percentage points
2027-01-01,East,Furniture,1355.57146,3.745091,Forecast,0.002763,2026,0.06,0.005,Prior-year monthly actual; 6% sales growth; margin +0.5 percentage points
2027-01-01,East,Office Supplies,3164.4975,362.453194,Forecast,0.114537,2026,0.06,0.005,Prior-year monthly actual; 6% sales growth; margin +0.5 percentage points
2027-01-01,East,Technology,1491.32248,137.752236,Forecast,0.092369,2026,0.06,0.005,Prior-year monthly actual; 6% sales growth; margin +0.5 percentage points
2027-01-01,South,Furniture,510.76736,-43.713891,Forecast,-0.085585,2026,0.06,0.005,Prior-year monthly actual; 6% sales growth; margin +0.5 percentage points
2027-01-01,South,Office Supplies,612.892,13.352078,Forecast,0.021785,2026,0.06,0.005,Prior-year monthly actual; 6% sales growth; margin +0.5 percentage points
2027-01-01,South,Technology,3980.86604,808.804878,Forecast,0.203173,2026,0.06,0.005,Prior-year monthly actual; 6% sales growth; margin +0.5 percentage points
2027-01-01,West,Furniture,2160.81636,318.921596,Forecast,0.147593,2026,0.06,0.005,Prior-year monthly actual; 6% sales growth; margin +0.5 percentage points
2027-01-01,West,Office Supplies,5320.76116,1302.798332,Forecast,0.244852,2026,0.06,0.005,Prior-year monthly actual; 6% sales growth; margin +0.5 percentage points
2027-01-01,West,Technology,5325.17712,1843.14672,Forecast,0.346119,2026,0.06,0.005,Prior-year monthly actual; 6% sales growth; margin +0.5 percentage points
2027-02-01,Central,Furniture,1276.728024,-340.630998,Forecast,-0.2668,2026,0.06,0.005,Prior-year monthly actual; 6% sales growth; margin +0.5 percentage points
2027-02-01,Central,Office Supplies,1474.82676,-637.17943,Forecast,-0.432037,2026,0.06,0.005,Prior-year monthly actual; 6% sales growth; margin +0.5 percentage points
2027-02-01,Central,Technology,783.35696,-63.651749,Forecast,-0.081255,2026,0.06,0.005,Prior-year monthly actual; 6% sales growth; margin +0.5 percentage points
2027-02-01,East,Furniture,1880.32976,-80.214567,Forecast,-0.04266,2026,0.06,0.005,Prior-year monthly actual; 6% sales growth; margin +0.5 percentage points
2027-02-01,East,Office Supplies,1605.70072,341.646014,Forecast,0.212771,2026,0.06,0.005,Prior-year monthly actual; 6% sales growth; margin +0.5 percentage points
2027-02-01,East,Technology,1780.60284,289.022006,Forecast,0.162317,2026,0.06,0.005,Prior-year monthly actual; 6% sales growth; margin +0.5 percentage points
2027-02-01,South,Furniture,835.99444,70.804364,Forecast,0.084695,2026,0.06,0.005,Prior-year monthly actual; 6% sales growth; margin +0.5 percentage points
2027-02-01,South,Office Supplies,1446.94028,430.243601,Forecast,0.297347,2026,0.06,0.005,Prior-year monthly actual; 6% sales growth; margin +0.5 percentage points
2027-02-01,South,Technology,30.9096,9.118332,Forecast,0.295,2026,0.06,0.005,Prior-year monthly actual; 6% sales growth; margin +0.5 percentage points
2027-02-01,West,Furniture,3285.26542,175.448163,Forecast,0.053405,2026,0.06,0.005,Prior-year monthly actual; 6% sales growth; margin +0.5 percentage points
2027-02-01,West,Office Supplies,3324.77056,915.605825,Forecast,0.275389,2026,0.06,0.005,Prior-year monthly actual; 6% sales growth; margin +0.5 percentage points
2027-02-01,West,Technology,3793.77604,708.088766,Forecast,0.186645,2026,0.06,0.005,Prior-year monthly actual; 6% sales growth; margin +0.5 percentage points
2027-03-01,Central,Furniture,7724.006728,718.84917,Forecast,0.093067,2026,0.06,0.005,Prior-year monthly actual; 6% sales growth; margin +0.5 percentage points
2027-03-01,Central,Office Supplies,3430.38684,385.284104,Forecast,0.112315,2026,0.06,0.005,Prior-year monthly actual; 6% sales growth; margin +0.5 percentage points
2027-03-01,Central,Technology,5280.45996,1155.963846,Forecast,0.218913,2026,0.06,0.005,Prior-year monthly actual; 6% sales growth; margin +0.5 percentage points
2027-03-01,East,Furniture,1920.56736,125.623653,Forecast,0.06541,2026,0.06,0.005,Prior-year monthly actual; 6% sales growth; margin +0.5 percentage points
2027-03-01,East,Office Supplies,2795.38536,833.129769,Forecast,0.298038,2026,0.06,0.005,Prior-year monthly actual; 6% sales growth; margin +0.5 percentage points
2027-03-01,East,Technology,4096.02232,415.190298,Forecast,0.101364,2026,0.06,0.005,Prior-year monthly actual; 6% sales growth; margin +0.5 percentage points
2027-03-01,South,Furniture,374.286,90.95383,Forecast,0.243006,2026,0.06,0.005,Prior-year monthly actual; 6% sales growth; margin +0.5 percentage points
2027-03-01,South,Office Supplies,2182.9852,519.201674,Forecast,0.23784,2026,0.06,0.005,Prior-year monthly actual; 6% sales growth; margin +0.5 percentage points
2027-03-01,South,Technology,4485.072,1962.774758,Forecast,0.437624,2026,0.06,0.005,Prior-year monthly actual; 6% sales growth; margin +0.5 percentage points
2027-03-01,West,Furniture,3092.26804,358.16093,Forecast,0.115825,2026,0.06,0.005,Prior-year monthly actual; 6% sales growth; margin +0.5 percentage points
2027-03-01,West,Office Supplies,7417.9648,1330.182128,Forecast,0.179319,2026,0.06,0.005,Prior-year monthly actual; 6% sales growth; margin +0.5 percentage points
2027-03-01,West,Technology,21572.78504,8340.423249,Forecast,0.386618,2026,0.06,0.005,Prior-year monthly actual; 6% sales growth; margin +0.5 percentage points
2027-04-01,Central,Furniture,1249.879496,39.106323,Forecast,0.031288,2026,0.06,0.005,Prior-year monthly actual; 6% sales growth; margin +0.5 percentage points
2027-04-01,Central,Office Supplies,1612.366,-33.33647,Forecast,-0.020675,2026,0.06,0.005,Prior-year monthly actual; 6% sales growth; margin +0.5 percentage points
2027-04-01,Central,Technology,723.86552,144.219954,Forecast,0.199236,2026,0.06,0.005,Prior-year monthly actual; 6% sales growth; margin +0.5 percentage points
2027-04-01,East,Furniture,2909.86536,253.872523,Forecast,0.087245,2026,0.06,0.005,Prior-year monthly actual; 6% sales growth; margin +0.5 percentage points
2027-04-01,East,Office Supplies,6708.16548,1167.431519,Forecast,0.174031,2026,0.06,0.005,Prior-year monthly actual; 6% sales growth; margin +0.5 percentage points
2027-04-01,East,Technology,1226.72952,-95.599852,Forecast,-0.077931,2026,0.06,0.005,Prior-year monthly actual; 6% sales growth; margin +0.5 percentage points
2027-04-01,South,Furniture,3017.81205,-324.668182,Forecast,-0.107584,2026,0.06,0.005,Prior-year monthly actual; 6% sales growth; margin +0.5 percentage points
2027-04-01,South,Office Supplies,4827.10962,1553.713216,Forecast,0.321872,2026,0.06,0.005,Prior-year monthly actual; 6% sales growth; margin +0.5 percentage points
2027-04-01,South,Technology,2169.69704,259.077907,Forecast,0.119407,2026,0.06,0.005,Prior-year monthly actual; 6% sales growth; margin +0.5 percentage points
2027-04-01,West,Furniture,2705.30868,321.408207,Forecast,0.118806,2026,0.06,0.005,Prior-year monthly actual; 6% sales growth; margin +0.5 percentage points
2027-04-01,West,Office Supplies,2828.88136,964.911937,Forecast,0.341093,2026,0.06,0.005,Prior-year monthly actual; 6% sales growth; margin +0.5 percentage points
2027-04-01,West,Technology,9006.09814,-3040.226391,Forecast,-0.337574,2026,0.06,0.005,Prior-year monthly actual; 6% sales growth; margin +0.5 percentage points
2027-05-01,Central,Furniture,4833.564172,446.619585,Forecast,0.0924,2026,0.06,0.005,Prior-year monthly actual; 6% sales growth; margin +0.5 percentage points
2027-05-01,Central,Office Supplies,5889.13104,1176.700085,Forecast,0.199809,2026,0.06,0.005,Prior-year monthly actual; 6% sales growth; margin +0.5 percentage points
2027-05-01,Central,Technology,1561.49024,309.204353,Forecast,0.198019,2026,0.06,0.005,Prior-year monthly actual; 6% sales growth; margin +0.5 percentage points
2027-05-01,East,Furniture,2564.61488,-62.987914,Forecast,-0.02456,2026,0.06,0.005,Prior-year monthly actual; 6% sales growth; margin +0.5 percentage points
2027-05-01,East,Office Supplies,2379.17318,566.727532,Forecast,0.238204,2026,0.06,0.005,Prior-year monthly actual; 6% sales growth; margin +0.5 percentage points
2027-05-01,East,Technology,1570.21828,436.565759,Forecast,0.278029,2026,0.06,0.005,Prior-year monthly actual; 6% sales growth; margin +0.5 percentage points
2027-05-01,South,Furniture,7479.97056,76.771857,Forecast,0.010264,2026,0.06,0.005,Prior-year monthly actual; 6% sales growth; margin +0.5 percentage points
2027-05-01,South,Office Supplies,2209.4163,732.944712,Forecast,0.331737,2026,0.06,0.005,Prior-year monthly actual; 6% sales growth; margin +0.5 percentage points
2027-05-01,South,Technology,1910.9786,395.986267,Forecast,0.207216,2026,0.06,0.005,Prior-year monthly actual; 6% sales growth; margin +0.5 percentage points
2027-05-01,West,Furniture,3653.6292,-544.455644,Forecast,-0.149018,2026,0.06,0.005,Prior-year monthly actual; 6% sales growth; margin +0.5 percentage points
2027-05-01,West,Office Supplies,4110.93652,952.706917,Forecast,0.231749,2026,0.06,0.005,Prior-year monthly actual; 6% sales growth; margin +0.5 percentage points
2027-05-01,West,Technology,9701.68816,2430.336179,Forecast,0.250507,2026,0.06,0.005,Prior-year monthly actual; 6% sales growth; margin +0.5 percentage points
2027-06-01,Central,Furniture,5661.211112,144.051696,Forecast,0.025445,2026,0.06,0.005,Prior-year monthly actual; 6% sales growth; margin +0.5 percentage points
2027-06-01,Central,Office Supplies,5062.23776,714.141695,Forecast,0.141072,2026,0.06,0.005,Prior-year monthly actual; 6% sales growth; margin +0.5 percentage points
2027-06-01,Central,Technology,3021.318,492.596628,Forecast,0.16304,2026,0.06,0.005,Prior-year monthly actual; 6% sales growth; margin +0.5 percentage points
2027-06-01,East,Furniture,5122.50512,37.16006,Forecast,0.007254,2026,0.06,0.005,Prior-year monthly actual; 6% sales growth; margin +0.5 percentage points
2027-06-01,East,Office Supplies,4615.08418,1113.604163,Forecast,0.241297,2026,0.06,0.005,Prior-year monthly actual; 6% sales growth; margin +0.5 percentage points
2027-06-01,East,Technology,6412.12232,2242.478824,Forecast,0.349725,2026,0.06,0.005,Prior-year monthly actual; 6% sales growth; margin +0.5 percentage points
2027-06-01,South,Furniture,2440.10728,216.328976,Forecast,0.088656,2026,0.06,0.005,Prior-year monthly actual; 6% sales growth; margin +0.5 percentage points
2027-06-01,South,Office Supplies,2647.61924,463.886178,Forecast,0.175209,2026,0.06,0.005,Prior-year monthly actual; 6% sales growth; margin +0.5 percentage points
2027-06-01,South,Technology,4382.22868,567.650447,Forecast,0.129535,2026,0.06,0.005,Prior-year monthly actual; 6% sales growth; margin +0.5 percentage points
2027-06-01,West,Furniture,6925.27839,662.500114,Forecast,0.095664,2026,0.06,0.005,Prior-year monthly actual; 6% sales growth; margin +0.5 percentage points
2027-06-01,West,Office Supplies,5680.63328,1404.745962,Forecast,0.247287,2026,0.06,0.005,Prior-year monthly actual; 6% sales growth; margin +0.5 percentage points
2027-06-01,West,Technology,4269.097,963.417411,Forecast,0.225672,2026,0.06,0.005,Prior-year monthly actual; 6% sales growth; margin +0.5 percentage points
2027-07-01,Central,Furniture,3142.50144,-248.103049,Forecast,-0.078951,2026,0.06,0.005,Prior-year monthly actual; 6% sales growth; margin +0.5 percentage points
2027-07-01,Central,Office Supplies,4468.03568,821.528662,Forecast,0.183868,2026,0.06,0.005,Prior-year monthly actual; 6% sales growth; margin +0.5 percentage points
2027-07-01,Central,Technology,2563.38104,624.014495,Forecast,0.243434,2026,0.06,0.005,Prior-year monthly actual; 6% sales growth; margin +0.5 percentage points
2027-07-01,East,Furniture,2990.82074,151.329464,Forecast,0.050598,2026,0.06,0.005,Prior-year monthly actual; 6% sales growth; margin +0.5 percentage points
2027-07-01,East,Office Supplies,3420.4716,898.653796,Forecast,0.262728,2026,0.06,0.005,Prior-year monthly actual; 6% sales growth; margin +0.5 percentage points
2027-07-01,East,Technology,6649.84004,200.533524,Forecast,0.030156,2026,0.06,0.005,Prior-year monthly actual; 6% sales growth; margin +0.5 percentage points
2027-07-01,South,Furniture,2123.05916,323.585278,Forecast,0.152415,2026,0.06,0.005,Prior-year monthly actual; 6% sales growth; margin +0.5 percentage points
2027-07-01,South,Office Supplies,690.96948,141.250607,Forecast,0.204424,2026,0.06,0.005,Prior-year monthly actual; 6% sales growth; margin +0.5 percentage points
2027-07-01,South,Technology,686.19524,165.294778,Forecast,0.240886,2026,0.06,0.005,Prior-year monthly actual; 6% sales growth; margin +0.5 percentage points
2027-07-01,West,Furniture,4968.07478,262.456652,Forecast,0.052829,2026,0.06,0.005,Prior-year monthly actual; 6% sales growth; margin +0.5 percentage points
2027-07-01,West,Office Supplies,2342.41132,888.326545,Forecast,0.379236,2026,0.06,0.005,Prior-year monthly actual; 6% sales growth; margin +0.5 percentage points
2027-07-01,West,Technology,14703.10524,3441.764848,Forecast,0.234084,2026,0.06,0.005,Prior-year monthly actual; 6% sales growth; margin +0.5 percentage points
2027-08-01,Central,Furniture,488.66848,-81.741222,Forecast,-0.167273,2026,0.06,0.005,Prior-year monthly actual; 6% sales growth; margin +0.5 percentage points
2027-08-01,Central,Office Supplies,2485.63852,472.266687,Forecast,0.189998,2026,0.06,0.005,Prior-year monthly actual; 6% sales growth; margin +0.5 percentage points
2027-08-01,Central,Technology,3653.86664,205.870359,Forecast,0.056343,2026,0.06,0.005,Prior-year monthly actual; 6% sales growth; margin +0.5 percentage points
2027-08-01,East,Furniture,9378.97964,-529.867002,Forecast,-0.056495,2026,0.06,0.005,Prior-year monthly actual; 6% sales growth; margin +0.5 percentage points
2027-08-01,East,Office Supplies,11199.26464,2808.956561,Forecast,0.250816,2026,0.06,0.005,Prior-year monthly actual; 6% sales growth; margin +0.5 percentage points
2027-08-01,East,Technology,2495.13188,624.115375,Forecast,0.250133,2026,0.06,0.005,Prior-year monthly actual; 6% sales growth; margin +0.5 percentage points
2027-08-01,South,Furniture,1575.11336,330.171111,Forecast,0.209617,2026,0.06,0.005,Prior-year monthly actual; 6% sales growth; margin +0.5 percentage points
2027-08-01,South,Office Supplies,3496.03476,-762.968146,Forecast,-0.218238,2026,0.06,0.005,Prior-year monthly actual; 6% sales growth; margin +0.5 percentage points
2027-08-01,South,Technology,5922.67792,679.77234,Forecast,0.114774,2026,0.06,0.005,Prior-year monthly actual; 6% sales growth; margin +0.5 percentage points
2027-08-01,West,Furniture,4925.62496,704.852385,Forecast,0.143099,2026,0.06,0.005,Prior-year monthly actual; 6% sales growth; margin +0.5 percentage points
2027-08-01,West,Office Supplies,15751.9074,4552.282307,Forecast,0.288999,2026,0.06,0.005,Prior-year monthly actual; 6% sales growth; margin +0.5 percentage points
2027-08-01,West,Technology,6604.63528,1393.533494,Forecast,0.210993,2026,0.06,0.005,Prior-year monthly actual; 6% sales growth; margin +0.5 percentage points
2027-09-01,Central,Furniture,5336.36542,-559.987257,Forecast,-0.104938,2026,0.06,0.005,Prior-year monthly actual; 6% sales growth; margin +0.5 percentage points
2027-09-01,Central,Office Supplies,4846.76096,-307.522769,Forecast,-0.063449,2026,0.06,0.005,Prior-year monthly actual; 6% sales growth; margin +0.5 percentage points
2027-09-01,Central,Technology,8200.45044,2157.721976,Forecast,0.263122,2026,0.06,0.005,Prior-year monthly actual; 6% sales growth; margin +0.5 percentage points
2027-09-01,East,Furniture,11653.27006,1564.036736,Forecast,0.134214,2026,0.06,0.005,Prior-year monthly actual; 6% sales growth; margin +0.5 percentage points
2027-09-01,East,Office Supplies,9340.98712,-328.4138,Forecast,-0.035158,2026,0.06,0.005,Prior-year monthly actual; 6% sales growth; margin +0.5 percentage points
2027-09-01,East,Technology,13504.0237,1632.812155,Forecast,0.120913,2026,0.06,0.005,Prior-year monthly actual; 6% sales growth; margin +0.5 percentage points
2027-09-01,South,Furniture,1387.752,170.019548,Forecast,0.122514,2026,0.06,0.005,Prior-year monthly actual; 6% sales growth; margin +0.5 percentage points
2027-09-01,South,Office Supplies,7834.54056,2182.895715,Forecast,0.278625,2026,0.06,0.005,Prior-year monthly actual; 6% sales growth; margin +0.5 percentage points
2027-09-01,South,Technology,1590.25864,334.040577,Forecast,0.210054,2026,0.06,0.005,Prior-year monthly actual; 6% sales growth; margin +0.5 percentage points
2027-09-01,West,Furniture,12465.04668,630.810865,Forecast,0.050606,2026,0.06,0.005,Prior-year monthly actual; 6% sales growth; margin +0.5 percentage points
2027-09-01,West,Office Supplies,11840.78194,3785.151398,Forecast,0.319671,2026,0.06,0.005,Prior-year monthly actual; 6% sales growth; margin +0.5 percentage points
2027-09-01,West,Technology,5348.1664,919.02742,Forecast,0.17184,2026,0.06,0.005,Prior-year monthly actual; 6% sales growth; margin +0.5 percentage points
2027-10-01,Central,Furniture,3566.580092,-753.712056,Forecast,-0.211326,2026,0.06,0.005,Prior-year monthly actual; 6% sales growth; margin +0.5 percentage points
2027-10-01,Central,Office Supplies,4923.42652,732.618905,Forecast,0.148803,2026,0.06,0.005,Prior-year monthly actual; 6% sales growth; margin +0.5 percentage points
2027-10-01,Central,Technology,4391.88316,684.392742,Forecast,0.155831,2026,0.06,0.005,Prior-year monthly actual; 6% sales growth; margin +0.5 percentage points
2027-10-01,East,Furniture,6161.9602,204.547405,Forecast,0.033195,2026,0.06,0.005,Prior-year monthly actual; 6% sales growth; margin +0.5 percentage points
2027-10-01,East,Office Supplies,3808.88104,777.981827,Forecast,0.204255,2026,0.06,0.005,Prior-year monthly actual; 6% sales growth; margin +0.5 percentage points
2027-10-01,East,Technology,24316.18164,7287.034098,Forecast,0.299678,2026,0.06,0.005,Prior-year monthly actual; 6% sales growth; margin +0.5 percentage points
2027-10-01,South,Furniture,7570.91008,-1562.863428,Forecast,-0.20643,2026,0.06,0.005,Prior-year monthly actual; 6% sales growth; margin +0.5 percentage points
2027-10-01,South,Office Supplies,4106.23542,-894.870513,Forecast,-0.21793,2026,0.06,0.005,Prior-year monthly actual; 6% sales growth; margin +0.5 percentage points
2027-10-01,South,Technology,1188.02256,144.230681,Forecast,0.121404,2026,0.06,0.005,Prior-year monthly actual; 6% sales growth; margin +0.5 percentage points
2027-10-01,West,Furniture,6280.98972,-412.391187,Forecast,-0.065657,2026,0.06,0.005,Prior-year monthly actual; 6% sales growth; margin +0.5 percentage points
2027-10-01,West,Office Supplies,17195.54578,5242.868613,Forecast,0.304897,2026,0.06,0.005,Prior-year monthly actual; 6% sales growth; margin +0.5 percentage points
2027-10-01,West,Technology,4972.65398,303.342336,Forecast,0.061002,2026,0.06,0.005,Prior-year monthly actual; 6% sales growth; margin +0.5 percentage points
2027-11-01,Central,Furniture,5372.60576,-522.556489,Forecast,-0.097263,2026,0.06,0.005,Prior-year monthly actual; 6% sales growth; margin +0.5 percentage points
2027-11-01,Central,Office Supplies,6377.67656,-1918.324103,Forecast,-0.300787,2026,0.06,0.005,Prior-year monthly actual; 6% sales growth; margin +0.5 percentage points
2027-11-01,Central,Technology,4313.99436,911.490852,Forecast,0.211287,2026,0.06,0.005,Prior-year monthly actual; 6% sales growth; margin +0.5 percentage points
2027-11-01,East,Furniture,11535.97364,336.884292,Forecast,0.029203,2026,0.06,0.005,Prior-year monthly actual; 6% sales growth; margin +0.5 percentage points
2027-11-01,East,Office Supplies,12903.48812,3180.859459,Forecast,0.246512,2026,0.06,0.005,Prior-year monthly actual; 6% sales growth; margin +0.5 percentage points
2027-11-01,East,Technology,23939.27638,6679.942148,Forecast,0.279037,2026,0.06,0.005,Prior-year monthly actual; 6% sales growth; margin +0.5 percentage points
2027-11-01,South,Furniture,7367.57876,-89.484002,Forecast,-0.012146,2026,0.06,0.005,Prior-year monthly actual; 6% sales growth; margin +0.5 percentage points
2027-11-01,South,Office Supplies,6688.90846,1029.745962,Forecast,0.153948,2026,0.06,0.005,Prior-year monthly actual; 6% sales growth; margin +0.5 percentage points
2027-11-01,South,Technology,16383.97904,-2510.355473,Forecast,-0.15322,2026,0.06,0.005,Prior-year monthly actual; 6% sales growth; margin +0.5 percentage points
2027-11-01,West,Furniture,15003.95974,901.984311,Forecast,0.060116,2026,0.06,0.005,Prior-year monthly actual; 6% sales growth; margin +0.5 percentage points
2027-11-01,West,Office Supplies,7397.68488,1702.326546,Forecast,0.230116,2026,0.06,0.005,Prior-year monthly actual; 6% sales growth; margin +0.5 percentage points
2027-11-01,West,Technology,8276.6496,1198.925296,Forecast,0.144856,2026,0.06,0.005,Prior-year monthly actual; 6% sales growth; margin +0.5 percentage points
2027-12-01,Central,Furniture,6895.180008,371.597134,Forecast,0.053892,2026,0.06,0.005,Prior-year monthly actual; 6% sales growth; margin +0.5 percentage points
2027-12-01,Central,Office Supplies,8343.05012,-2949.115771,Forecast,-0.353482,2026,0.06,0.005,Prior-year monthly actual; 6% sales growth; margin +0.5 percentage points
2027-12-01,Central,Technology,4777.82492,1364.920989,Forecast,0.285678,2026,0.06,0.005,Prior-year monthly actual; 6% sales growth; margin +0.5 percentage points
2027-12-01,East,Furniture,7877.96876,711.67746,Forecast,0.090338,2026,0.06,0.005,Prior-year monthly actual; 6% sales growth; margin +0.5 percentage points
2027-12-01,East,Office Supplies,9576.676,1811.461878,Forecast,0.189154,2026,0.06,0.005,Prior-year monthly actual; 6% sales growth; margin +0.5 percentage points
2027-12-01,East,Technology,5209.3912,1172.919786,Forecast,0.225155,2026,0.06,0.005,Prior-year monthly actual; 6% sales growth; margin +0.5 percentage points
2027-12-01,South,Furniture,5920.39998,325.653534,Forecast,0.055005,2026,0.06,0.005,Prior-year monthly actual; 6% sales growth; margin +0.5 percentage points
2027-12-01,South,Office Supplies,5415.2114,928.639235,Forecast,0.171487,2026,0.06,0.005,Prior-year monthly actual; 6% sales growth; margin +0.5 percentage points
2027-12-01,South,Technology,4786.70984,1293.254611,Forecast,0.270176,2026,0.06,0.005,Prior-year monthly actual; 6% sales growth; margin +0.5 percentage points
2027-12-01,West,Furniture,13138.1647,79.725542,Forecast,0.006068,2026,0.06,0.005,Prior-year monthly actual; 6% sales growth; margin +0.5 percentage points
2027-12-01,West,Office Supplies,9796.5624,2325.729146,Forecast,0.237403,2026,0.06,0.005,Prior-year monthly actual; 6% sales growth; margin +0.5 percentage points
2027-12-01,West,Technology,8548.39544,2190.140645,Forecast,0.256205,2026,0.06,0.005,Prior-year monthly actual; 6% sales growth; margin +0.5 percentage points
